ID,Candidate,Gender,credit card type,passion,Educational institution
1,Enoch Nayler,M,Bank of America,Hard Rock,Junior college
2,Ethan Terry,M,American Express,Blues,University-preparatory school
3,Ryan Newman,M,Maestro,Blues,University-preparatory school
4,Noemi Bradley,F,UnionPay,Dubstep,University-preparatory school
5,Rita Doherty,F,Capital One,Hard Rock,Gymnasium
6,Dasha Townend,F,Discover,Soul,University-preparatory school
7,Faith Shaw,F,Visa,House,Public university
8,Ilona Moore,F,American Express,Pop,Junior college
9,Owen Bowen,M,Chase,Latin,Public university
10,Wade Franks,M,Citibank,Opera,Public university
11,Sabrina Chadwick,F,Discover,Country,Graduate school
12,Lillian Owen,F,UnionPay,Dubstep,Public university
13,Violet Darcy,F,Visa,Reggae,Technical college
14,Josh Cadman,M,Wells Fargo,Soul,High school
15,Morgan Welsch,F,MasterCard,Pop,Middle school
16,Rosalee Lee,F,Bank of America,Latin,Technical college
17,Daria Dale,F,American Express,Hard Rock,University college
18,Brooklyn Willson,F,Bank of America,Techno,Public university
19,Lillian Santos,F,Chase,Techno,High school
20,Michaela Mcgregor,F,Wells Fargo,Latin,Corporate university
21,Maxwell Squire,M,Bank of America,Hard Rock,Junior college
22,Manuel Flett,M,American Express,Hip-Hop,Corporate university
23,Molly Ellery,F,Capital One,Hip-Hop,University-preparatory school
24,Bryon Tate,M,Capital One,Latin,University college
25,Nathan Thomson,M,Visa,House,University-preparatory school
26,Melania Stone,F,Chase,Latin,Technical college
27,Teagan Anderson,F,American Express,Pop,High school
28,Maia Parker,F,UnionPay,Soul,Junior college
29,Hayden Stubbs,M,Visa,Techno,Junior college
30,Mike Bullock,M,American Express,Soul,Middle school
31,Denny Simmons,M,Capital One,Hard Rock,Public university
32,Bryon Quinton,M,Maestro,Pop,Gymnasium
33,Bob Dixon,M,American Express,Jazz,Corporate university
34,Susan Allcott,F,MasterCard,Baroque,Public university
35,Jane Ward,F,Wells Fargo,Drum & Bass,Public university
36,Destiny Drew,F,American Express,Jazz,Middle school
37,Emmanuelle Rossi,F,UnionPay,Soul,Graduate school
38,Ruby Booth,F,Visa,Baroque,Graduate school
39,Davina Quinn,F,UnionPay,Hard Rock,Gymnasium
40,Bernadette Grady,F,Capital One,Pop,Junior college
41,Bryon Upton,M,Maestro,Reggae,Technical college
42,Marigold Martin,F,Maestro,House,Technical college
43,Kendra Cartwright,F,Capital One,Drum & Bass,Graduate school
44,Barney Holt,M,Capital One,Jazz,Public university
45,Rose Mitchell,F,Wells Fargo,Blues,Junior college
46,Sienna Kirby,F,Chase,Latin,Technical college
47,Percy Olson,M,Visa,Soul,Public university
48,Roger Upton,M,MasterCard,Pop,Graduate school
49,Sara Swift,F,Wells Fargo,Opera,Middle school
50,Jacob Russell,M,UnionPay,Baroque,Junior college
51,Skylar Lowe,F,Discover,House,Technical college
52,Sara Brett,F,Bank of America,Hard Rock,Corporate university
53,Hayden Ingham,F,MasterCard,Pop,Gymnasium
54,Daniel Shaw,M,Capital One,Dubstep,Corporate university
55,Caleb Parr,M,Citibank,Pop,University college
56,Manuel Mcnally,M,Citibank,Latin,Junior college
57,Tony Thomas,M,Wells Fargo,Baroque,High school
58,Benny Reynolds,M,American Express,Baroque,Junior college
59,Logan Reese,M,Capital One,Drum & Bass,Junior college
60,Morgan Paterson,F,Visa,Hip-Hop,Junior college
61,Bryon Shaw,M,Citibank,Drum & Bass,Public university
62,Tony Darcy,M,Visa,Hip-Hop,Middle school
63,Kieth Benson,M,Chase,Dubstep,Graduate school
64,Jack Brock,M,MasterCard,Country,Corporate university
65,Mike Holmes,M,Citibank,Dubstep,University college
66,Jack Jenkin,M,UnionPay,Hip-Hop,Middle school
67,John Welsch,M,Wells Fargo,Blues,Junior college
68,Phillip Reynolds,M,Discover,Pop,University college
69,Jane James,F,UnionPay,Baroque,University-preparatory school
70,Johnathan Robinson,M,UnionPay,Opera,High school
71,Evelynn Chappell,F,Capital One,Jazz,Corporate university
72,Anais Stark,F,Maestro,Techno,Technical college
73,Cameron Hood,F,Wells Fargo,Hard Rock,Graduate school
74,Nancy Ellwood,F,Bank of America,Reggae,Public university
75,Wade Russell,M,Chase,Opera,Junior college
76,Emerald Noon,F,UnionPay,Latin,High school
77,Alex Bryson,F,UnionPay,Pop,Junior college
78,Clint Pond,M,Wells Fargo,Soul,Gymnasium
79,Anthony Eyres,M,Chase,Reggae,Technical college
80,Clint Jefferson,M,Citibank,Baroque,Middle school
81,Harmony Salt,F,Visa,Techno,Public university
82,Josephine Anderson,F,Discover,Pop,University-preparatory school
83,Leroy Jeffery,M,Visa,Baroque,Junior college
84,Raquel Latham,F,Visa,Hip-Hop,University-preparatory school
85,Megan Isaac,F,UnionPay,Blues,Junior college
86,Rosalee Dyson,F,Discover,Hard Rock,Technical college
87,Benny Whittle,M,Bank of America,Blues,Graduate school
88,Parker Dyson,F,Citibank,Latin,Public university
89,Boris Bingham,M,American Express,Drum & Bass,Corporate university
90,Chuck Ogilvy,M,Discover,Jazz,University-preparatory school
91,Johnny Turner,M,Capital One,Reggae,Middle school
92,Mike Redfern,M,Visa,Country,Public university
93,Rosalie Rose,F,MasterCard,Jazz,High school
94,Scarlett Bentley,F,Capital One,House,University college
95,Gladys Bailey,F,Bank of America,Hard Rock,Gymnasium
96,Evelynn Funnell,F,Visa,Pop,Graduate school
97,Alessia Reese,F,Chase,House,Public university
98,Remy Dillon,F,Citibank,Reggae,Public university
99,Elisabeth Preston,F,Maestro,Opera,Technical college
100,Madelyn Ianson,F,Visa,Blues,Gymnasium
101,Bart Alcroft,M,Capital One,Dubstep,Graduate school
102,Ron Verdon,M,Maestro,Opera,University college
103,Brad Owen,M,MasterCard,Hard Rock,Middle school
104,Jules Wilde,F,Capital One,Reggae,Gymnasium
105,Erica Power,F,UnionPay,Blues,Technical college
106,Shannon Hobbs,F,Capital One,Reggae,University college
107,Candace Attwood,F,Maestro,Hard Rock,Gymnasium
108,Sara Partridge,F,Visa,Latin,Gymnasium
109,Joyce Windsor,F,UnionPay,Baroque,Junior college
110,Kieth Ebden,M,American Express,Blues,Junior college
111,Gil Lyon,M,MasterCard,Opera,Corporate university
112,Nathan Allen,M,Discover,Country,Technical college
113,Harry Olivier,M,Capital One,Techno,University-preparatory school
114,Isabel Groves,F,American Express,Dubstep,University-preparatory school
115,Ember Weldon,F,Bank of America,Reggae,Technical college
116,Ada Umney,F,Capital One,Blues,University-preparatory school
117,Marigold Chapman,F,Capital One,Reggae,Graduate school
118,Tiffany Vernon,F,Wells Fargo,Pop,Technical college
119,Russel Gavin,M,Citibank,Dubstep,Gymnasium
120,Jack May,M,Capital One,Country,Middle school
121,Julian Kennedy,M,American Express,Hard Rock,Junior college
122,Bart Aldridge,M,Discover,Country,University-preparatory school
123,Ramon Brown,M,Discover,Hard Rock,Public university
124,Caleb Stubbs,M,UnionPay,Dubstep,Technical college
125,Alexander Wilkinson,M,UnionPay,Jazz,Middle school
126,Anthony Harrison,M,Bank of America,Baroque,Public university
127,Danny Mitchell,M,American Express,Opera,Gymnasium
128,Luke Funnell,M,Citibank,Blues,Graduate school
129,Harvey Warden,M,Wells Fargo,Reggae,Middle school
130,Hanna Huggins,F,Discover,Soul,Technical college
131,Camden Everett,F,UnionPay,Country,University-preparatory school
132,Carl Wooldridge,M,Maestro,Techno,Gymnasium
133,Joyce Fulton,F,Visa,House,University college
134,Chad Morley,M,Chase,Pop,Middle school
135,Hanna Mason,F,Visa,Dubstep,University-preparatory school
136,Jack Griffiths,M,Visa,Pop,Graduate school
137,Norah Tate,F,Visa,Hip-Hop,Corporate university
138,Johnathan Whitehouse,M,Chase,Latin,Corporate university
139,Josh Summers,M,Visa,Baroque,Corporate university
140,Madison Collingwood,F,Visa,Techno,Middle school
141,Mavis Page ,F,Bank of America,Baroque,University-preparatory school
142,Lindsay Wise,F,UnionPay,Soul,Technical college
143,Tess Brooks,F,Chase,Opera,University-preparatory school
144,David Wilson,M,Chase,Techno,Junior college
145,Julius Veale,M,Chase,Drum & Bass,Technical college
146,Wade Baker,M,Wells Fargo,Dubstep,Middle school
147,Boris Funnell,M,Bank of America,Jazz,University-preparatory school
148,Erick Snow,M,Citibank,Reggae,Graduate school
149,Aileen Gregory,F,Discover,Hip-Hop,Technical college
150,Julia Edwards,F,Discover,Country,Public university
151,Carmen Dubois,F,Visa,Soul,Technical college
152,Liliana Sinclair,F,Capital One,Pop,Public university
153,Eden Chappell,F,Bank of America,Jazz,Junior college
154,Marjorie Robinson,F,MasterCard,Techno,High school
155,Gwenyth James,F,Visa,Baroque,Technical college
156,Chad Owen,M,Capital One,House,Junior college
157,Benny Osmond,M,Capital One,Techno,Graduate school
158,Charlotte Zaoui,F,Bank of America,Latin,Junior college
159,Alexa Clarke,F,Bank of America,Latin,University college
160,Carl Gardner,M,Chase,Dubstep,Graduate school
161,Vicky Weston,F,Wells Fargo,Hard Rock,Corporate university
162,Aurelia Thornton,F,Maestro,Soul,Junior college
163,Eduardo Bullock,M,Wells Fargo,Soul,University college
164,Elijah Drummond,M,Bank of America,Drum & Bass,Gymnasium
165,Manuel Brennan,M,Visa,Hard Rock,Graduate school
166,Erick Denton,M,Bank of America,Soul,Corporate university
167,Eduardo Rowe,M,Wells Fargo,Soul,Graduate school
168,Domenic Thatcher,M,Visa,Reggae,Corporate university
169,Michael Farmer,M,Capital One,Pop,Technical college
170,Barney Victor,M,American Express,Hard Rock,Corporate university
171,Cedrick Preston,M,Maestro,Latin,Public university
172,Leroy Lane,M,Capital One,Techno,Junior college
173,Luke Wright,M,MasterCard,Dubstep,Technical college
174,Mark Thomson,M,Wells Fargo,Baroque,Gymnasium
175,Chloe Miller,F,Capital One,Opera,Public university
176,Carter Gray,M,Bank of America,Latin,University-preparatory school
177,Jacob King,M,Capital One,Jazz,High school
178,George Grey,M,Chase,Soul,Corporate university
179,Miley Crawford,F,Wells Fargo,Hip-Hop,University-preparatory school
180,Samantha Becker,F,Citibank,Hip-Hop,Gymnasium
181,Daron Walton,M,Chase,Blues,Gymnasium
182,Fred Osmond,M,Citibank,Hip-Hop,Middle school
183,Bart Ward,M,Visa,Hip-Hop,Gymnasium
184,Maxwell Stanley,M,UnionPay,Hard Rock,University college
185,Beatrice Power,F,Citibank,House,Middle school
186,Gil Wallace,M,MasterCard,Pop,University college
187,Danny Hill,M,Citibank,Baroque,Technical college
188,Isabel Silva,F,Maestro,Country,University college
189,Camden Mccall,F,Visa,Baroque,Junior college
190,Chelsea Gonzales,F,Capital One,Hard Rock,Corporate university
191,Macy Harvey,F,Capital One,Jazz,University-preparatory school
192,Alan Clayton,M,UnionPay,Blues,Gymnasium
193,Emmanuelle Murphy,F,Discover,Techno,Middle school
194,Isla Saunders,F,Chase,Dubstep,University-preparatory school
195,Martin Thompson,M,Capital One,House,University college
196,Ciara Exton,F,Bank of America,Hip-Hop,University college
197,Marilyn Hope,F,MasterCard,Baroque,University college
198,Bryon Dallas,M,American Express,Reggae,Middle school
199,Violet Matthews,F,Bank of America,Blues,Junior college
200,Jack Harris,M,Capital One,Baroque,Public university
201,Nick Gavin,M,American Express,Opera,Gymnasium
202,Mason Dale,M,Visa,House,High school
203,Adeline Leslie,F,Citibank,Techno,High school
204,Crystal Mackenzie,F,Citibank,Dubstep,Graduate school
205,Daron Walsh,M,Citibank,Techno,Gymnasium
206,Michael Notman,M,MasterCard,Hip-Hop,Gymnasium
207,Colleen Evans,F,Capital One,Dubstep,Graduate school
208,Kieth John,M,UnionPay,Baroque,Middle school
209,Domenic Rowan,M,Citibank,Techno,High school
210,Joseph Tate,M,MasterCard,Latin,University-preparatory school
211,Emery Jefferson,F,American Express,House,Junior college
212,Christy Rothwell,F,Maestro,Country,Corporate university
213,Kassandra Funnell,F,Capital One,Latin,University college
214,Harvey Rixon,M,Chase,Hip-Hop,Corporate university
215,Eileen Gosling,F,Chase,Pop,Corporate university
216,Benny Ranks,M,Wells Fargo,Pop,Public university
217,Trisha Khan,F,Wells Fargo,Hard Rock,Public university
218,Abdul Dale,M,Citibank,Latin,Corporate university
219,Alexa Bell,F,Chase,Dubstep,Gymnasium
220,Cynthia Turner,F,Visa,Hard Rock,University college
221,Brad Verdon,M,Maestro,Opera,Graduate school
222,Chester Benson,M,MasterCard,House,Public university
223,Hayden Snow,M,Citibank,Country,Middle school
224,Tiffany Addison,F,Wells Fargo,Hip-Hop,Junior college
225,Mabel Kennedy,F,Citibank,Dubstep,Junior college
226,Tess Terry,F,Capital One,Opera,Junior college
227,Cristal Funnell,F,Chase,Pop,University-preparatory school
228,Makena Riley,F,Maestro,Dubstep,University college
229,Meredith Grey,F,American Express,Blues,Junior college
230,Quinn Kennedy,F,American Express,House,High school
231,Carl Nelson,M,Wells Fargo,Pop,Junior college
232,Hayden Woodcock,M,MasterCard,House,Middle school
233,Elle Page ,F,Maestro,Drum & Bass,Corporate university
234,Elijah Irving,M,American Express,Hard Rock,Corporate university
235,Cedrick Driscoll,M,Visa,Reggae,University college
236,Elisabeth White,F,Wells Fargo,Soul,High school
237,Chelsea Edley,F,Capital One,Hip-Hop,High school
238,Camila Campbell,F,Visa,Latin,Gymnasium
239,Emmanuelle Thatcher,F,Maestro,Dubstep,Graduate school
240,Mark Speed,M,Citibank,Dubstep,Middle school
241,Lindsay Flynn,F,MasterCard,Country,University-preparatory school
242,Doug Stone,M,Discover,Country,Middle school
243,Tyler Broomfield,M,Bank of America,Drum & Bass,Graduate school
244,Aiden Bolton,M,Bank of America,Dubstep,High school
245,Henry Wade,M,Discover,Techno,Technical college
246,Victoria Alcroft,F,Discover,Opera,Middle school
247,Alba Hardwick,F,American Express,Hip-Hop,Technical college
248,Julian Owens,M,Discover,House,Graduate school
249,Jacob Savage,M,UnionPay,House,University college
250,Joseph Shaw,M,American Express,Drum & Bass,Corporate university
251,Josh Drummond,M,Visa,Jazz,University-preparatory school
252,Leroy Flanders,M,MasterCard,Hip-Hop,Corporate university
253,Jackeline Walsh,F,Discover,Hip-Hop,Middle school
254,Elena Nelson,F,UnionPay,Opera,Public university
255,Fiona Richardson,F,Chase,House,University college
256,Gabriel Jenkins,M,Chase,Hard Rock,Public university
257,Johnny Addis,M,UnionPay,House,Technical college
258,Harvey Blythe,M,Wells Fargo,Reggae,Technical college
259,Harry Kerr,M,Discover,Soul,Middle school
260,Victoria Blackwall,F,American Express,Jazz,Technical college
261,Mike Redfern,M,MasterCard,Hip-Hop,Gymnasium
262,Catherine Dale,F,UnionPay,Opera,University-preparatory school
263,Eduardo Edwards,M,Citibank,Blues,Middle school
264,Nate Ianson,M,Chase,Pop,Middle school
265,Nate Roscoe,M,Wells Fargo,Country,Gymnasium
266,Harvey Antcliff,M,Wells Fargo,Techno,Gymnasium
267,Livia Stewart,F,Bank of America,Drum & Bass,Technical college
268,Valerie Price,F,Visa,Dubstep,University-preparatory school
269,Henry Griffiths,M,MasterCard,Latin,Gymnasium
270,Gabriel Thatcher,M,Wells Fargo,Dubstep,University-preparatory school
271,Carter Broomfield,M,Wells Fargo,Hip-Hop,University-preparatory school
272,Hayden Barclay,M,MasterCard,Opera,Graduate school
273,Marvin Doherty,M,Chase,Techno,Technical college
274,Candice Davies,F,Discover,Hard Rock,University college
275,Emely Morris,F,MasterCard,Hip-Hop,Graduate school
276,Jules Potts,F,MasterCard,Hard Rock,Junior college
277,Morgan Locke,F,Capital One,Techno,Middle school
278,Cassandra Lucas,F,Maestro,Latin,Graduate school
279,Maxwell Hale,M,MasterCard,Latin,Middle school
280,Madison Hogg,F,Capital One,Hard Rock,Corporate university
281,Leilani Bingham,F,Chase,Soul,Technical college
282,Alexander Wilson,M,American Express,Opera,Junior college
283,Chester Weatcroft,M,American Express,Country,Junior college
284,Bob Lambert,M,Visa,Blues,Corporate university
285,Nina Sawyer,F,Chase,Baroque,University-preparatory school
286,Gabriel Robertson,M,Wells Fargo,Latin,Corporate university
287,Ronald Brown,M,Capital One,Pop,Corporate university
288,Aileen Graham,F,Maestro,Drum & Bass,Corporate university
289,Piper Avery,F,Capital One,Reggae,Public university
290,Aisha Brown,F,MasterCard,House,University college
291,Tom Jefferson,M,Visa,Soul,Middle school
292,Julianna Larsen,F,Visa,Country,University-preparatory school
293,Tony Hewitt,M,UnionPay,Techno,Graduate school
294,Tony Morgan,M,MasterCard,Latin,Gymnasium
295,Angela Glass,F,Visa,Hip-Hop,University-preparatory school
296,Cedrick Gates,M,MasterCard,Reggae,Public university
297,Javier Styles,M,Chase,Drum & Bass,Public university
298,Anais Forth,F,Visa,Baroque,Gymnasium
299,Doug Selby,M,Chase,Baroque,Corporate university
300,Britney Harris,F,Bank of America,Hard Rock,Graduate school
301,Gabriel Waterhouse,M,Bank of America,Soul,University college
302,Nina Cox,F,MasterCard,Latin,University-preparatory school
303,Grace Walker,F,Bank of America,Opera,Junior college
304,Daron Lane,M,American Express,Hip-Hop,Gymnasium
305,Denis Corbett,M,Chase,Reggae,Gymnasium
306,Brad Niles,M,Maestro,Baroque,Corporate university
307,Julius Ranks,M,American Express,Soul,High school
308,Sofie Brett,F,Wells Fargo,Blues,Graduate school
309,Anthony Fox,M,MasterCard,Reggae,Gymnasium
310,Louise Casey,F,Visa,Techno,Graduate school
311,Michelle Barclay,F,Visa,Dubstep,Graduate school
312,Shannon Holt,F,Discover,Jazz,Corporate university
313,Tyler Alexander,M,Chase,Drum & Bass,Technical college
314,Mark Abbot,M,UnionPay,Pop,Public university
315,Logan Matthews,M,Bank of America,Dubstep,University-preparatory school
316,Melody Lewis,F,UnionPay,Hard Rock,Middle school
317,Ruby Brown,F,Wells Fargo,Country,Corporate university
318,Makenzie Roberts,F,Maestro,House,University-preparatory school
319,Denis Lowe,M,Wells Fargo,Baroque,Corporate university
320,Luna Parker,F,Discover,Dubstep,Public university
321,Owen Roscoe,M,UnionPay,Opera,Corporate university
322,Nina Dyson,F,Bank of America,Jazz,Corporate university
323,John Bell,M,Chase,Country,University-preparatory school
324,Carter Egerton,M,UnionPay,Jazz,Technical college
325,Samantha Emerson,F,Chase,House,Junior college
326,Beatrice Mason,F,Capital One,Techno,Graduate school
327,Liam Gilmore,M,Citibank,Country,Graduate school
328,Doug Watson,M,American Express,Drum & Bass,Middle school
329,Liam Baldwin,M,MasterCard,Baroque,Corporate university
330,Rocco Patel,M,American Express,Drum & Bass,Middle school
331,Shay Noon,F,Wells Fargo,Country,Public university
332,Aiden Khan,M,Visa,Hip-Hop,University college
333,Marissa Patel,F,Visa,Country,University college
334,Holly Holt,F,MasterCard,Opera,Corporate university
335,Hayden Mcgregor,M,American Express,Baroque,High school
336,Luke Clayton,M,Chase,Blues,University college
337,Maxwell Judd,M,Visa,Jazz,Gymnasium
338,Ronald Drake,M,Chase,Dubstep,University college
339,Johnny Rees,M,Wells Fargo,Jazz,Gymnasium
340,Gwen Wilkinson,F,Bank of America,Pop,Gymnasium
341,Harry Wilson,M,Maestro,Country,University-preparatory school
342,Helen Widdows,F,Capital One,Pop,University college
343,John Redfern,M,Bank of America,Blues,University-preparatory school
344,Phillip Spencer,M,Bank of America,Reggae,High school
345,Luke Richards,M,Capital One,Hard Rock,Graduate school
346,Rocco Thomson,M,American Express,Hip-Hop,University college
347,Adalind Murphy,F,Capital One,Soul,High school
348,Evelynn Hilton,F,Bank of America,Opera,Gymnasium
349,Willow Robinson,F,Capital One,House,University college
350,Benny Sloan,M,Maestro,Baroque,University-preparatory school
351,Russel Logan,M,Maestro,House,University college
352,Joy Chapman,F,Capital One,Hard Rock,Middle school
353,Melinda Willson,F,American Express,Dubstep,University-preparatory school
354,Marissa Speed,F,American Express,Country,Corporate university
355,Carmen Poulton,F,Citibank,Baroque,University-preparatory school
356,Danny Neal,M,UnionPay,Jazz,Technical college
357,Amelia Stanton,F,Discover,Opera,High school
358,Harry Stark,M,Bank of America,Hard Rock,Junior college
359,Rick Edwards,M,Discover,Latin,University college
360,Chanelle Forth,F,UnionPay,Reggae,Technical college
361,Benjamin Hancock,M,Visa,Pop,Middle school
362,Priscilla Dwyer,F,Wells Fargo,Blues,University college
363,Rick Gibbons,M,Capital One,Jazz,Middle school
364,Parker Whittle,F,American Express,Hard Rock,Corporate university
365,Aiden Groves,M,Bank of America,Jazz,Junior college
366,Doug Ring,M,Visa,Country,Middle school
367,Elijah Archer,M,UnionPay,Hard Rock,University-preparatory school
368,Alan Ross,M,American Express,Soul,University college
369,Nicholas Reese,M,Maestro,Baroque,Public university
370,Jack Garner,M,Bank of America,Soul,High school
371,William Rixon,M,MasterCard,Blues,University-preparatory school
372,Karla Hall,F,Citibank,Dubstep,High school
373,Angelica Sherwood,F,Bank of America,Techno,University college
374,Barney Downing,M,Discover,Country,Middle school
375,Mina Osmond,F,Chase,Reggae,University-preparatory school
376,Mason Nobbs,M,Capital One,Jazz,Junior college
377,Anthony Shelton,M,Bank of America,Soul,Junior college
378,Denis Pratt,M,Discover,Hip-Hop,Gymnasium
379,Cassidy Yarlett,F,Citibank,Baroque,Graduate school
380,Adalind Douglas,F,UnionPay,Baroque,Public university
381,Benny Robertson,M,Capital One,Soul,University college
382,Carter Clarke,M,UnionPay,Pop,Corporate university
383,Leah Forester,F,Chase,Dubstep,Junior college
384,Percy Booth,M,Maestro,Hard Rock,Gymnasium
385,Lucy Gordon,F,Citibank,Hip-Hop,Public university
386,Crystal Sinclair,F,Discover,Baroque,High school
387,Matthew Oswald,M,American Express,Dubstep,University-preparatory school
388,Sage Parker,F,Bank of America,House,High school
389,Darlene Wright,F,American Express,Reggae,University-preparatory school
390,Bree Stewart,F,Discover,Pop,Junior college
391,Leroy Stevenson,M,Visa,Opera,Technical college
392,Sloane Douglas,F,Chase,Techno,University-preparatory school
393,Julius Allington,M,American Express,Jazz,Corporate university
394,Sebastian Moore,M,Chase,Baroque,High school
395,Manuel Baldwin,M,Wells Fargo,Hip-Hop,Junior college
396,Isabel Hill,F,Capital One,Hip-Hop,Public university
397,Mina Sawyer,F,Visa,Hard Rock,High school
398,Blake Gordon,F,Chase,Dubstep,Public university
399,John Richards,M,Visa,House,Technical college
400,Chester Ingram,M,Capital One,Baroque,Middle school
401,Matthew Moreno,M,Citibank,House,Gymnasium
402,Henry Robinson,M,Capital One,Hard Rock,University college
403,Anais Holt,F,Discover,Hip-Hop,Corporate university
404,Greta Eastwood,F,American Express,Techno,Technical college
405,David Tindall,M,UnionPay,Reggae,Gymnasium
406,Piper Plumb,F,UnionPay,Blues,Middle school
407,Harriet Nicolas,F,Discover,Latin,Middle school
408,Marjorie Forth,F,Visa,Jazz,Public university
409,Bryon Vincent,M,Visa,Soul,University college
410,Joseph Jackson,M,Capital One,Reggae,Graduate school
411,Rosalee Rycroft,F,Citibank,Reggae,Gymnasium
412,Barney Emmott,M,Discover,Soul,Graduate school
413,Julian Smith,M,American Express,Pop,Public university
414,Lucas Umney,M,Discover,Opera,Junior college
415,Lucas Wilson,M,Visa,House,University-preparatory school
416,Julian Price,M,Wells Fargo,Blues,University college
417,Rick Collins,M,Maestro,Jazz,Graduate school
418,Camila Benson,F,Bank of America,Soul,Corporate university
419,Nick Whitehouse,M,MasterCard,House,Public university
420,Agnes Jenkins,F,Chase,Hard Rock,Public university
421,Maribel Butler,F,Discover,Soul,Graduate school
422,Bethany Robertson,F,MasterCard,Latin,Public university
423,Leroy Leigh,M,Wells Fargo,Techno,Gymnasium
424,Barney Matthews,M,Capital One,Techno,Technical college
425,Courtney Whinter,F,Capital One,Baroque,Public university
426,Peter Wade,M,Maestro,Opera,High school
427,Freya Lomax,F,Maestro,Blues,High school
428,Julius Franks,M,American Express,Blues,High school
429,Mavis Higgs,F,Bank of America,House,Middle school
430,Penny Cox,F,Wells Fargo,Hard Rock,Public university
431,Rufus Varndell,M,Citibank,Hip-Hop,High school
432,Mackenzie Swan,F,Wells Fargo,House,Corporate university
433,Phoebe Richardson,F,MasterCard,Baroque,University-preparatory school
434,Tyson Stanley,M,Discover,Drum & Bass,University-preparatory school
435,Cara Utterson,F,Visa,House,Gymnasium
436,Bristol Roman,F,Maestro,Country,High school
437,Mark Jacobs,M,Citibank,Soul,Public university
438,Angelique Terry,F,UnionPay,Techno,Public university
439,Amelia Robinson,F,Wells Fargo,Baroque,High school
440,Parker Pickard,F,Maestro,Latin,Gymnasium
441,Mya Emerson,F,Capital One,Drum & Bass,Middle school
442,Goldie Hall,F,MasterCard,Soul,Public university
443,Bethany Russell,F,MasterCard,Pop,Public university
444,Hank Forth,M,UnionPay,Country,University-preparatory school
445,Ellen Roth,F,Wells Fargo,Blues,High school
446,Benjamin Rodwell,M,Maestro,Pop,Gymnasium
447,Mary Oswald,F,Maestro,Drum & Bass,Gymnasium
448,Chuck Cartwright,M,Maestro,Latin,Technical college
449,Nathan Dale,M,Chase,House,Middle school
450,Logan Vane,F,MasterCard,Soul,High school
451,Eduardo Robertson,M,Citibank,Hip-Hop,High school
452,Gemma Morris,F,American Express,Dubstep,University college
453,Tyler Rees,M,Capital One,Jazz,High school
454,Chadwick Yates,M,Visa,Latin,Junior college
455,Alex Styles,F,Capital One,Hip-Hop,Public university
456,Stephanie Malone,F,UnionPay,Reggae,Gymnasium
457,Harry Healy,M,Capital One,Opera,University college
458,Elise Armstrong,F,Visa,Country,Public university
459,Jacob Widdows,M,Capital One,Techno,High school
460,Willow Lynch,F,MasterCard,Techno,Gymnasium
461,Samantha Adler,F,Wells Fargo,House,University-preparatory school
462,Maggie Huggins,F,Capital One,Techno,Public university
463,Chelsea Newman,F,Visa,Country,University-preparatory school
464,Rosie Quinton,F,Visa,Jazz,Public university
465,Miriam Dowson,F,Maestro,Reggae,University-preparatory school
466,Jamie Franks,F,MasterCard,Drum & Bass,High school
467,Alexander Brett,M,Maestro,Reggae,Graduate school
468,Camila Wilkinson,F,Wells Fargo,Opera,Corporate university
469,Tiffany Edler,F,Chase,Baroque,High school
470,Matt Fox,M,Bank of America,Techno,Technical college
471,Parker Blackwall,F,American Express,Reggae,Gymnasium
472,Kieth Rycroft,M,Chase,Reggae,Corporate university
473,Tony Lunt,M,MasterCard,Drum & Bass,University college
474,Carl Swan,M,Capital One,Country,Public university
475,Jessica Speed,F,Visa,House,Junior college
476,Ivette Jordan,F,Bank of America,Pop,Graduate school
477,Hannah Bryson,F,Chase,Hard Rock,Junior college
478,Susan Vallins,F,Maestro,Hard Rock,Public university
479,Alexa Pope,F,UnionPay,Pop,Gymnasium
480,Drew Glynn,F,Maestro,Techno,Gymnasium
481,Erick Henderson,M,UnionPay,Jazz,Junior college
482,Chester Phillips,M,Citibank,Latin,Gymnasium
483,Ryan Brown,M,Discover,Hip-Hop,Public university
484,Kirsten Lunt,F,Maestro,Dubstep,Corporate university
485,Gil Rosenbloom,M,American Express,Baroque,Middle school
486,Mason Keys,M,Discover,Latin,Gymnasium
487,Logan Ellison,M,Citibank,Hard Rock,Graduate school
488,Tess Walsh,F,American Express,Latin,University-preparatory school
489,Jacob Bennett,M,Discover,Soul,Middle school
490,Carl Alcroft,M,Chase,House,Graduate school
491,Angelique Warren,F,Capital One,Hip-Hop,Middle school
492,Chris Amstead,M,Wells Fargo,Techno,Corporate university
493,Jayden Mason,M,American Express,Reggae,Middle school
494,Marvin Allen,M,American Express,House,Gymnasium
495,Martha Stubbs,F,MasterCard,Pop,Graduate school
496,Eryn Webster,F,UnionPay,Soul,University college
497,Esmeralda Lambert,F,Discover,Baroque,High school
498,Sylvia Graham,F,Citibank,Baroque,University college
499,Nathan Yarlett,M,American Express,Hip-Hop,Corporate university
500,Oliver Antcliff,M,UnionPay,Techno,High school
501,Clint Ward,M,Capital One,Opera,Graduate school
502,Mason Oliver,M,Wells Fargo,Jazz,University college
503,Alan Lindop,M,Chase,Reggae,High school
504,Rosalie Lyon,F,MasterCard,House,Gymnasium
505,Leanne Vaughn,F,UnionPay,Country,Gymnasium
506,Remy Goodman,F,Discover,Jazz,University-preparatory school
507,Nicholas Hale,M,Bank of America,Jazz,Corporate university
508,Gabriel Wright,M,Bank of America,Hard Rock,Gymnasium
509,Hailey Richards,F,UnionPay,Opera,University-preparatory school
510,Ron Allen,M,MasterCard,Reggae,Junior college
511,Stella Villiger,F,American Express,Soul,Junior college
512,Hayden Richards,M,Chase,Country,University college
513,Eduardo Bloom,M,Citibank,Country,Graduate school
514,Gabriel Varley,M,Discover,Hard Rock,Technical college
515,Joseph Rainford,M,Wells Fargo,Techno,Gymnasium
516,Samantha Victor,F,Chase,Drum & Bass,High school
517,Louise Wild,F,American Express,House,High school
518,Faith Callan,F,UnionPay,Pop,University-preparatory school
519,Bryce Vallory,F,Capital One,House,Public university
520,Jayden Sherry,M,American Express,House,Graduate school
521,Holly Wood,F,American Express,Drum & Bass,Public university
522,Mandy Wilkinson,F,MasterCard,Reggae,Gymnasium
523,Jocelyn Reading,F,UnionPay,Dubstep,Middle school
524,Jacqueline Sherwood,F,Bank of America,Reggae,Corporate university
525,Alan Campbell,M,Maestro,Dubstep,Technical college
526,Marjorie Eddison,F,MasterCard,Dubstep,Corporate university
527,Matthew Carter,M,Citibank,Hip-Hop,High school
528,Cara Jennson,F,Capital One,Jazz,Junior college
529,Cadence Goldsmith,F,Maestro,Jazz,University-preparatory school
530,Manuel Adams,M,Capital One,Soul,High school
531,Raquel Nelson,F,Citibank,Jazz,Corporate university
532,John Rodwell,M,Wells Fargo,Country,Technical college
533,Leslie Skinner,F,MasterCard,Jazz,Junior college
534,Joy Harper,F,MasterCard,Dubstep,Technical college
535,Daphne Sheldon,F,Discover,Hard Rock,Graduate school
536,Danny Torres,M,Maestro,Soul,Technical college
537,Aurelia Walter,F,Visa,Latin,University-preparatory school
538,Kieth Morgan,M,Visa,Opera,Corporate university
539,Cadence Watson,F,Bank of America,Soul,Corporate university
540,Megan Jacobs,F,Citibank,Jazz,University college
541,Gabriel Knott,M,Bank of America,Reggae,University-preparatory school
542,Rachael Veale,F,Chase,Blues,Gymnasium
543,Daron Graham,M,Wells Fargo,Opera,Middle school
544,Alison Richards,F,Citibank,Drum & Bass,Junior college
545,Ron Lucas,M,Chase,House,High school
546,Valerie Needham,F,Discover,Dubstep,High school
547,Phoebe Ingram,F,MasterCard,Hard Rock,Gymnasium
548,Dani Vaughn,F,UnionPay,Opera,Middle school
549,Anthony Hardwick,M,Citibank,Blues,Technical college
550,Kate Archer,F,Capital One,Hip-Hop,Middle school
551,Harvey Jones,M,Citibank,Soul,University-preparatory school
552,Oliver Morgan,M,UnionPay,Soul,Gymnasium
553,Lauren Gordon,F,MasterCard,Drum & Bass,Public university
554,Alexander Owen,M,Capital One,Hip-Hop,Middle school
555,Mabel Patel,F,Bank of America,House,Corporate university
556,Julius Holmes,M,Visa,Reggae,Graduate school
557,David Noach,M,Discover,Reggae,Public university
558,Lana Forth,F,Wells Fargo,Hip-Hop,Corporate university
559,Hayden Cassidy,M,Visa,Soul,Junior college
560,Matthew Hilton,M,Chase,Blues,Corporate university
561,Maribel Wigley,F,Bank of America,Reggae,Corporate university
562,Martha Emmott,F,Wells Fargo,Country,Middle school
563,Penelope Broomfield,F,Chase,Hard Rock,Technical college
564,Eduardo Dempsey,M,Capital One,Blues,University college
565,Rita Ross,F,Chase,Hip-Hop,Junior college
566,Eve Grey,F,Wells Fargo,Hard Rock,Junior college
567,Johnathan Tennant,M,Capital One,Hip-Hop,Junior college
568,Bart Lomax,M,Visa,Soul,Junior college
569,Alice Plant,F,Chase,Jazz,Graduate school
570,Julius Rycroft,M,Bank of America,Pop,University college
571,Tom Sylvester,M,Citibank,Jazz,University-preparatory school
572,Liliana Pope,F,Maestro,Soul,High school
573,Roger Briggs,M,Bank of America,Hard Rock,Middle school
574,Ron Steer,M,UnionPay,Latin,Gymnasium
575,Hayden Alexander,M,MasterCard,Drum & Bass,Graduate school
576,Melanie Ward,F,Visa,House,University-preparatory school
577,Doug Flanders,M,Bank of America,Reggae,Graduate school
578,Wade Carter,M,Bank of America,Dubstep,Gymnasium
579,Ryan Pitt,M,American Express,Opera,Junior college
580,Caleb Donnelly,M,Discover,Soul,Gymnasium
581,Hank Lindop,M,MasterCard,House,University-preparatory school
582,Willow Furnell,F,MasterCard,Drum & Bass,University-preparatory school
583,Janice Moreno,F,MasterCard,Soul,Corporate university
584,Sydney Pond,F,Capital One,Hip-Hop,Public university
585,Ramon Dann,M,Capital One,Soul,Graduate school
586,Tyler Stevenson,M,UnionPay,Dubstep,Technical college
587,William Thomas,M,Bank of America,Latin,Middle school
588,Matt Stone ,M,Maestro,Hip-Hop,Gymnasium
589,Ryan Robe,M,Chase,Dubstep,Junior college
590,Doris Kennedy,F,Capital One,Country,Technical college
591,Alexa Turner,F,Maestro,Baroque,Junior college
592,Nate Flanders,M,American Express,Hard Rock,Junior college
593,Esmeralda Radley,F,MasterCard,Soul,University college
594,Mark Larkin,M,Citibank,Baroque,Graduate school
595,Tess Hunt,F,Discover,Opera,Gymnasium
596,Carina Brock,F,Bank of America,Reggae,High school
597,Aiden Allcott,M,American Express,Country,University college
598,Hadley Higgs,F,UnionPay,Hard Rock,High school
599,Maria Walsh,F,Citibank,Pop,Corporate university
600,Maxwell Callan,M,Wells Fargo,Baroque,Middle school
601,Cameron Jenkins,F,UnionPay,Pop,Junior college
602,Mara Walton,F,MasterCard,Reggae,Graduate school
603,Fred Hopkinson,M,Chase,Hip-Hop,Corporate university
604,Tyson Victor,M,Bank of America,Latin,Technical college
605,Bob Uttridge,M,Discover,Dubstep,Technical college
606,Nina Sherwood,F,Citibank,Opera,Middle school
607,Isla Watson,F,Visa,Opera,Middle school
608,Audrey Leigh,F,Citibank,Baroque,Middle school
609,Grace Addison,F,Citibank,Reggae,University-preparatory school
610,Wade Harrison,M,Capital One,House,Gymnasium
611,Mandy Raven,F,UnionPay,Reggae,Junior college
612,Estrella Glynn,F,Capital One,Dubstep,Corporate university
613,Bernadette Pickard,F,Visa,Dubstep,University-preparatory school
614,Maxwell Victor,M,Bank of America,Drum & Bass,High school
615,Rufus Whittle,M,Discover,Jazz,Middle school
616,Joy Bright,F,Chase,Latin,University-preparatory school
617,Mona Yard,F,MasterCard,Drum & Bass,High school
618,Carla Clark,F,Capital One,Opera,Gymnasium
619,Enoch Young,M,Citibank,Opera,Junior college
620,Erick Moran,M,MasterCard,Reggae,Graduate school
621,Oliver Hale,M,Chase,Hard Rock,University-preparatory school
622,Henry Rees,M,Maestro,Country,Graduate school
623,Chris Bowen,M,Discover,Jazz,Middle school
624,Carter Speed,M,Capital One,Hip-Hop,University-preparatory school
625,Lucas Truscott,M,Maestro,Dubstep,Technical college
626,Kassandra Fisher,F,Wells Fargo,Dubstep,High school
627,Harmony Willson,F,American Express,Hard Rock,University college
628,Kate Clifford,F,Wells Fargo,Blues,Corporate university
629,Johnathan Wade,M,Discover,Country,Middle school
630,Bernadette Abbey,F,UnionPay,House,High school
631,Bridget Parker,F,Discover,Dubstep,Public university
632,Bryon Andrews,M,MasterCard,Reggae,Graduate school
633,Anthony Walker,M,Capital One,House,Graduate school
634,Christy West,F,American Express,Drum & Bass,Public university
635,Caydence Campbell,F,MasterCard,Pop,Graduate school
636,Ruth Everett,F,UnionPay,House,Public university
637,Rose Dyson,F,Capital One,Latin,Junior college
638,Chuck Young,M,Citibank,Dubstep,Middle school
639,Leilani Buckley,F,Discover,Country,University-preparatory school
640,Daron Uttley,M,Bank of America,Hard Rock,Technical college
641,Chadwick Baxter,M,Maestro,Soul,University-preparatory school
642,Maia Coleman,F,Discover,House,Public university
643,Trisha Dillon,F,Wells Fargo,Jazz,Graduate school
644,Cadence Morley,F,Discover,Opera,University college
645,Elijah Rogers,M,Bank of America,House,High school
646,Hanna Lucas,F,Citibank,Drum & Bass,Technical college
647,Leanne Ellis,F,Capital One,Dubstep,Gymnasium
648,Owen Ingram,M,Discover,Jazz,Corporate university
649,Alice Atkinson,F,Bank of America,House,University college
650,Rufus Rosenbloom,M,Maestro,Baroque,Public university
651,Angel Lynch,F,Chase,Reggae,University college
652,Gabriel Kelly,M,Citibank,Reggae,Technical college
653,Cristal Johnson,F,Chase,Latin,Gymnasium
654,Kendra Shaw,F,Bank of America,Pop,High school
655,Madison Cox,F,Visa,Pop,Corporate university
656,Ron Uddin,M,Wells Fargo,Jazz,University-preparatory school
657,Julian Selby,M,Citibank,Blues,University-preparatory school
658,Tyson Ellis,M,American Express,Blues,University college
659,Callie Donovan,F,Discover,Pop,Graduate school
660,Liam Miller,M,Discover,House,Technical college
661,Barry Clark,M,UnionPay,Opera,Corporate university
662,Leilani Parsons,F,Bank of America,Baroque,Middle school
663,Brad Holmes,M,Discover,Hip-Hop,University-preparatory school
664,Danny Partridge,M,Capital One,Blues,Middle school
665,Eden Dempsey,F,Capital One,Pop,University college
666,Harvey Dyson,M,Chase,Latin,Middle school
667,Enoch Douglas,M,Chase,Blues,Gymnasium
668,Rosemary Ianson,F,Chase,Hip-Hop,High school
669,Clint Lynn,M,American Express,Reggae,Technical college
670,Trisha Simpson,F,American Express,Opera,Middle school
671,Cameron Tyrrell,F,Capital One,Jazz,Public university
672,Carrie Eddison,F,Citibank,Hip-Hop,Junior college
673,Danielle Jennson,F,UnionPay,Pop,University college
674,Hannah Emerson,F,Visa,Drum & Bass,High school
675,Erin Evans,F,Chase,Latin,Middle school
676,Daron Reyes,M,Maestro,Reggae,Technical college
677,Johnathan Abbey,M,Wells Fargo,Baroque,Junior college
678,Ada Ulyatt,F,Chase,Dubstep,Middle school
679,Mona Strong,F,Chase,Baroque,High school
680,Ada Bailey,F,Capital One,Blues,University college
681,Anais Hopkinson,F,MasterCard,Blues,Graduate school
682,Daniel Savage,M,Capital One,Techno,Middle school
683,Marjorie Weasley,F,American Express,Country,Gymnasium
684,Greta Jacobs,F,American Express,Latin,High school
685,Ramon Willis,M,MasterCard,Techno,University college
686,Luke Cartwright,M,Capital One,Latin,Technical college
687,Cecilia Roman,F,Discover,Techno,Junior college
688,Margot Carter,F,Citibank,Reggae,University-preparatory school
689,Isabel Ripley,F,Capital One,Drum & Bass,Corporate university
690,Judith Giles,F,Maestro,Opera,Public university
691,Ryan Fox,M,MasterCard,Dubstep,Graduate school
692,Faith Upton,F,MasterCard,Opera,Technical college
693,Michael Craig,M,Bank of America,Jazz,University college
694,Marissa Fenton,F,Visa,Reggae,Technical college
695,Maddison Khan,F,Citibank,Hip-Hop,High school
696,Hayden Ingram,M,Capital One,Blues,Technical college
697,Isabel Redwood,F,Visa,Baroque,Public university
698,Josephine Cassidy,F,Capital One,Soul,Middle school
699,Maggie Dwyer,F,UnionPay,House,Technical college
700,Kimberly Addis,F,Capital One,Latin,Graduate school
701,Eryn Walsh,F,Visa,Blues,Gymnasium
702,Isabel Tutton,F,American Express,Opera,Gymnasium
703,Maxwell Graham,M,Bank of America,Techno,Graduate school
704,Fred Coll,M,Capital One,Hard Rock,University college
705,Mark Lane,M,American Express,Reggae,University college
706,Johnathan Ellison,M,Capital One,Hip-Hop,Middle school
707,Elijah Morgan,M,MasterCard,Techno,Technical college
708,Daphne Edmonds,F,Capital One,Hard Rock,High school
709,Jack Hardwick,M,Visa,Jazz,University-preparatory school
710,William Swan,M,Bank of America,Soul,Corporate university
711,Megan Stark,F,American Express,Jazz,Graduate school
712,Vicky Nanton,F,American Express,Hip-Hop,Gymnasium
713,Luke Blackburn,M,UnionPay,Latin,Junior college
714,Luke Dyson,M,Maestro,Reggae,Graduate school
715,Owen Hale,M,MasterCard,Drum & Bass,Middle school
716,Cedrick Shea,M,Discover,Dubstep,Middle school
717,Joseph Tindall,M,Visa,Opera,Public university
718,Agnes Addis,F,Wells Fargo,Drum & Bass,Junior college
719,Brad Lindop,M,Wells Fargo,Hard Rock,Graduate school
720,Gabriel Sherry,M,Wells Fargo,Reggae,Junior college
721,Bryon Willson,M,American Express,Blues,High school
722,Chris Bradshaw,M,MasterCard,Soul,Technical college
723,Lucas Hale,M,Maestro,Hard Rock,Middle school
724,Ryan Brown,M,American Express,Latin,Junior college
725,Alexia Randall,F,Discover,Latin,Public university
726,Adina Dickson,F,Chase,Opera,Middle school
727,Jade Sherry,F,UnionPay,House,University college
728,Summer Owen,F,Discover,Blues,Corporate university
729,Bryce Parker,F,MasterCard,Dubstep,Gymnasium
730,Daniel Pope,M,Wells Fargo,Dubstep,Gymnasium
731,Charlotte Olson,F,American Express,Hard Rock,Corporate university
732,Harvey Wilkinson,M,Citibank,Reggae,Middle school
733,Bart Saunders,M,UnionPay,Jazz,Gymnasium
734,Chad Webster,M,Visa,Jazz,University-preparatory school
735,Sabina Wilcox,F,Capital One,Reggae,Corporate university
736,Daniel Crawford,M,Visa,Country,Middle school
737,Enoch Oldfield,M,Discover,Latin,University-preparatory school
738,Anabel Todd,F,MasterCard,Hard Rock,Gymnasium
739,Vera Spencer,F,UnionPay,Soul,University college
740,Britney Burnley,F,Maestro,Baroque,Technical college
741,Erick Wilde,M,Visa,Latin,Corporate university
742,Elly Russell,F,American Express,Hard Rock,Middle school
743,Nathan Ainsworth,M,UnionPay,Pop,University college
744,Barney Owen,M,UnionPay,Opera,Technical college
745,Logan Robinson,M,Wells Fargo,Pop,High school
746,Remy Pope,F,Visa,Country,Gymnasium
747,Gabriel Williams,M,American Express,Opera,Graduate school
748,Phoebe Mason,F,Capital One,Hard Rock,High school
749,Evelynn Dwyer,F,Capital One,Soul,Public university
750,Martha Evans,F,Citibank,Soul,University college
751,Ronald Raven,M,Bank of America,Drum & Bass,High school
752,Gabriel Morris,M,Maestro,Hip-Hop,Gymnasium
753,Maggie Weasley,F,Maestro,Country,High school
754,Marvin Bailey,M,UnionPay,Hard Rock,University-preparatory school
755,Jacob Wilton,M,Visa,House,Middle school
756,Ryan Kennedy,M,Capital One,Country,University college
757,Carolyn Durrant,F,MasterCard,Blues,Public university
758,Livia Knight,F,American Express,Latin,University-preparatory school
759,Ivette Vallory,F,UnionPay,Baroque,Technical college
760,Abdul Cassidy,M,American Express,House,High school
761,Jenna Thompson,F,Citibank,Blues,University-preparatory school
762,Tara Thomas,F,Bank of America,Soul,Gymnasium
763,Danny Watson,M,Maestro,Drum & Bass,Technical college
764,Bart Wright,M,Discover,Blues,Gymnasium
765,Lexi Griffiths,F,Capital One,Baroque,Middle school
766,Doug Murphy,M,UnionPay,Hard Rock,University college
767,Sebastian Harris,M,Bank of America,Techno,Graduate school
768,Enoch Ralph,M,Visa,Jazz,Junior college
769,Alessia Nurton,F,Citibank,Opera,Public university
770,Chuck Griffiths,M,Citibank,Latin,Corporate university
771,Emerald Judd,F,UnionPay,Pop,Public university
772,Scarlett Healy,F,Chase,Drum & Bass,Middle school
773,Nicholas Jarvis,M,Citibank,Pop,High school
774,Christine Webster,F,Wells Fargo,Drum & Bass,Gymnasium
775,Miley Middleton,F,UnionPay,Opera,Graduate school
776,Kurt Hale,M,Capital One,Hip-Hop,Corporate university
777,Harmony Overson,F,Bank of America,Pop,University college
778,Jayden Hunt,M,Maestro,Hip-Hop,Junior college
779,Mark Ingham,M,MasterCard,Blues,Technical college
780,Alice Richardson,F,Visa,Latin,University-preparatory school
781,Roger Benfield,M,UnionPay,Latin,University college
782,Phillip Bullock,M,Discover,Baroque,University college
783,Kate Clarke,F,Capital One,Blues,University college
784,Mavis Nanton,F,Citibank,Soul,University-preparatory school
785,Jacob Reid,M,Citibank,Jazz,Middle school
786,Christy Boden,F,Capital One,Drum & Bass,Junior college
787,John Rossi,M,Bank of America,Pop,University college
788,Sebastian Blythe,M,UnionPay,Latin,Public university
789,Isabel Weldon,F,Wells Fargo,Hip-Hop,Graduate school
790,Blake Matthews,F,Citibank,Dubstep,University college
791,Rae Flanders,F,Wells Fargo,Dubstep,Corporate university
792,Cadence Neal,F,American Express,House,Graduate school
793,Rufus Wren,M,American Express,Blues,Corporate university
794,Clint Simpson,M,American Express,Pop,Graduate school
795,Alexander Stone,M,Wells Fargo,Blues,Public university
796,Teagan Davies,F,American Express,Hip-Hop,Corporate university
797,Maddison Giles,F,American Express,Hard Rock,Middle school
798,Mayleen Russel,F,Capital One,Reggae,Junior college
799,Anthony Reynolds,M,Wells Fargo,Opera,Corporate university
800,Holly Richards,F,UnionPay,Soul,University-preparatory school
801,Janice Smith,F,Maestro,Country,Graduate school
802,Tyler Gallacher,M,Bank of America,Jazz,Technical college
803,Luke Glass,M,Capital One,Reggae,Technical college
804,Naomi Carter,F,UnionPay,Hard Rock,Corporate university
805,Gil Pierce,M,Chase,Reggae,Junior college
806,Gwenyth Bayliss,F,UnionPay,Pop,University college
807,Denny Gilmour,M,Capital One,Jazz,High school
808,Summer Ulyatt,F,Chase,Pop,Junior college
809,Deborah Campbell,F,Citibank,Opera,Middle school
810,Julian Eagle,M,Wells Fargo,Soul,High school
811,Paige Haines,F,Bank of America,Hard Rock,High school
812,Kate Collis,F,Discover,Hip-Hop,Corporate university
813,Elijah Darcy,M,Discover,Hard Rock,University college
814,Destiny Briggs,F,American Express,Dubstep,Gymnasium
815,Emmanuelle Keys,F,Bank of America,Hard Rock,Middle school
816,Javier Wood,M,Maestro,Opera,University-preparatory school
817,Kirsten Egerton,F,Capital One,Soul,Junior college
818,Cristal Coates,F,American Express,Country,Middle school
819,Benny Duvall,M,Wells Fargo,Latin,University college
820,Irene Adler,F,Visa,Drum & Bass,High school
821,Harvey Mason,M,Wells Fargo,Hip-Hop,Public university
822,Jayden Skinner,M,Citibank,Drum & Bass,Middle school
823,Gil Shelton,M,Maestro,Country,Middle school
824,Carrie Gibson,F,UnionPay,Pop,Gymnasium
825,Camden Knight,F,Discover,Techno,University-preparatory school
826,Barney Hobson,M,Bank of America,Blues,Middle school
827,Hailey Hill,F,MasterCard,Opera,Gymnasium
828,Goldie Cox,F,Chase,Techno,University-preparatory school
829,Mike Shields,M,Capital One,Hip-Hop,High school
830,Bryce Widdows,F,Citibank,Drum & Bass,Middle school
831,Ethan Andersson,M,Maestro,Blues,Graduate school
832,Valentina Nurton,F,American Express,Hard Rock,Middle school
833,Charlize Mould,F,Citibank,Country,University college
834,Tyson Seymour,M,Maestro,Dubstep,Middle school
835,Nathan Hewitt,M,Bank of America,House,Corporate university
836,Harvey Logan,M,Wells Fargo,Hip-Hop,University-preparatory school
837,Nathan Murray,M,MasterCard,Techno,Technical college
838,Deborah Norman,F,Chase,Opera,University college
839,Alma Blackwall,F,UnionPay,Blues,High school
840,Chuck Mills,M,Visa,Baroque,Public university
841,Mayleen Nelson,F,Bank of America,Jazz,Technical college
842,Remy Fisher,F,Bank of America,Drum & Bass,Graduate school
843,Violet Harrington,F,Capital One,Jazz,High school
844,Carla Rogers,F,Citibank,Reggae,Public university
845,Bart Warner,M,Capital One,Dubstep,Graduate school
846,Julius Dillon,M,MasterCard,Blues,High school
847,Lindsay Yoman,F,Wells Fargo,Dubstep,Graduate school
848,Laila Tobin,F,Citibank,Soul,Gymnasium
849,Carter Stone,M,Wells Fargo,Techno,University college
850,Sharon Spencer,F,MasterCard,Country,Gymnasium
851,Mason Hopkinson,M,Visa,Hard Rock,High school
852,Sebastian Alcroft,M,Capital One,Reggae,Junior college
853,Tyler Hepburn,M,Citibank,Dubstep,Graduate school
854,Cynthia Jones,F,Wells Fargo,Blues,Corporate university
855,Mason Smith,M,American Express,Soul,Gymnasium
856,Josh Boyle,M,American Express,Blues,Graduate school
857,Norah Cox,F,Bank of America,Baroque,Corporate university
858,Clint Mills,M,Chase,Reggae,University-preparatory school
859,Rosie Wright,F,Bank of America,Pop,Public university
860,Mason Lee,M,Capital One,Soul,Graduate school
861,John Coates,M,Capital One,Hard Rock,Public university
862,Evie Palmer,F,Discover,Country,Technical college
863,Ramon Barrett,M,UnionPay,Opera,Technical college
864,Harry Ashley,M,MasterCard,Baroque,Public university
865,David Stewart,M,Maestro,Techno,Gymnasium
866,Ember Mccormick,F,UnionPay,Soul,Middle school
867,Mike Eyres,M,Bank of America,Opera,University-preparatory school
868,Cherish Gregory,F,Bank of America,House,Corporate university
869,Karen Mcnally,F,Discover,Hard Rock,High school
870,Elena Dickson,F,Wells Fargo,Techno,Gymnasium
871,Oliver James,M,Visa,Dubstep,Junior college
872,Melinda Stone ,F,Discover,Drum & Bass,University-preparatory school
873,Quinn Radcliffe,F,Discover,Hip-Hop,Technical college
874,Bryon Blythe,M,Capital One,Soul,University college
875,Danny Morley,M,Maestro,Opera,High school
876,Caleb Aldridge,M,Capital One,Drum & Bass,Corporate university
877,Skylar Thatcher,F,Capital One,Baroque,University-preparatory school
878,Dani Connor,F,American Express,Soul,Corporate university
879,Jack Rust,M,Citibank,Techno,Middle school
880,Matt Faulkner,M,Visa,House,University-preparatory school
881,Maxwell Villiger,M,Wells Fargo,Reggae,High school
882,Brad Grant,M,Visa,Hip-Hop,High school
883,Mary Bayliss,F,Visa,Pop,Junior college
884,Vivian Holmes,F,Citibank,Reggae,University college
885,Doug Ellery,M,Wells Fargo,Country,Middle school
886,Johnny Dyson,M,UnionPay,Hip-Hop,High school
887,Lynn Matthews,F,American Express,Dubstep,Graduate school
888,Hank Skinner,M,Bank of America,Blues,University college
889,Chris Briggs,M,Citibank,Blues,High school
890,Liam Thatcher,M,Visa,Drum & Bass,Junior college
891,Domenic Button,M,Discover,Techno,Gymnasium
892,Elena Curtis,F,MasterCard,Jazz,University-preparatory school
893,Denis Boden,M,Maestro,Opera,Technical college
894,Javier Wheeler,M,Citibank,Country,Corporate university
895,Daniel Jones,M,Discover,Blues,Public university
896,Harry Todd,M,Chase,Reggae,Gymnasium
897,Logan Boyle,F,Bank of America,Baroque,Technical college
898,Miriam Stubbs,F,Visa,House,University-preparatory school
899,Nicholas Sheldon,M,Wells Fargo,Country,University-preparatory school
900,Doug Richards,M,Visa,Soul,Gymnasium
901,Enoch Addison,M,Discover,Techno,Technical college
902,Jamie Mould,F,Discover,Soul,Middle school
903,Faith Nurton,F,Capital One,Drum & Bass,Technical college
904,Renee Brown,F,UnionPay,Opera,Middle school
905,Melinda Crawley,F,Maestro,Opera,High school
906,Tyson Broomfield,M,Visa,Hard Rock,Corporate university
907,Rosalee Stuart,F,UnionPay,Soul,Gymnasium
908,Nate Clayton,M,Discover,Dubstep,Gymnasium
909,Valentina Quinn,F,Visa,Soul,Technical college
910,Selena Eaton,F,Bank of America,Baroque,University-preparatory school
911,Camden Bennett,F,UnionPay,Reggae,University-preparatory school
912,Ramon Reynolds,M,Visa,Hip-Hop,Graduate school
913,Erin Hood,F,Citibank,Latin,University college
914,Kassandra Denton,F,Chase,Soul,Corporate university
915,Eduardo Benson,M,Citibank,Opera,Technical college
916,Johnathan Rogers,M,Discover,Opera,University college
917,Gil Drake,M,MasterCard,Hip-Hop,Corporate university
918,Martin Morgan,M,Wells Fargo,Latin,University college
919,Hayden Poulton,M,Capital One,Drum & Bass,Junior college
920,Sebastian Carpenter,M,UnionPay,House,Public university
921,Dani Drummond,F,Capital One,Hard Rock,Junior college
922,Sebastian Yarlett,M,Visa,Hard Rock,Public university
923,Jack Wright,M,UnionPay,Pop,University-preparatory school
924,Lucas Yarlett,M,Maestro,Dubstep,Public university
925,Chuck Hood,M,American Express,Latin,University college
926,Nick Gordon,M,Bank of America,Soul,Junior college
927,Marvin Jackson,M,Chase,Hip-Hop,High school
928,Matt Russell,M,Bank of America,Opera,Corporate university
929,Henry Umney,M,Chase,Jazz,University college
930,Bridget Tyrrell,F,Visa,Dubstep,Gymnasium
931,Johnathan Wright,M,Wells Fargo,Baroque,Junior college
932,Sabina Rothwell,F,MasterCard,Baroque,Public university
933,Adalind Poole,F,Capital One,Latin,University-preparatory school
934,Evie Reid,F,Visa,Techno,Graduate school
935,Joseph Brown,M,Discover,House,Corporate university
936,Nicholas Craig,M,MasterCard,Drum & Bass,University college
937,Cameron Michael,F,Maestro,Drum & Bass,Graduate school
938,Peter Mcnally,M,Chase,Techno,Technical college
939,Francesca Fox,F,UnionPay,Latin,Junior college
940,Daniel Thatcher,M,Wells Fargo,Hip-Hop,University college
941,Wade Page ,M,MasterCard,House,University college
942,Drew Morrison,F,Maestro,Country,Middle school
943,Wade Uttridge,M,MasterCard,Baroque,Middle school
944,Owen Archer,M,Discover,Soul,Middle school
945,Wade Gordon,M,American Express,Reggae,Corporate university
946,Noah Matthews,M,Discover,Pop,Junior college
947,Trisha Silva,F,Discover,Blues,Graduate school
948,Peyton Stevenson,F,Bank of America,Opera,Public university
949,Johnny Amstead,M,American Express,Techno,Junior college
950,Elena Thomson,F,Capital One,Baroque,Public university
951,Holly Neville,F,American Express,Pop,Junior college
952,Enoch Rehman,M,Capital One,House,Gymnasium
953,Meredith Rowlands,F,MasterCard,House,University college
954,Barry Collins,M,Capital One,Country,Public university
955,Carmen Reynolds,F,Discover,Baroque,Graduate school
956,Camila Carson,F,Chase,House,Technical college
957,Amy Ellwood,F,Discover,Jazz,Technical college
958,Enoch Bishop,M,Wells Fargo,Soul,High school
959,Eve Drake,F,Bank of America,Jazz,Technical college
960,Caleb Malone,M,Wells Fargo,Drum & Bass,University college
961,Rihanna London,F,Citibank,Blues,Public university
962,George Dunbar,M,Bank of America,Dubstep,Corporate university
963,Mark Vinton,M,Maestro,Drum & Bass,High school
964,Shelby Todd,F,Wells Fargo,Hard Rock,Middle school
965,Celia Varley,F,Chase,Hard Rock,Technical college
966,Carter James,M,MasterCard,Reggae,Middle school
967,Rocco Rosenbloom,M,Discover,Reggae,Gymnasium
968,Daria Ianson,F,Maestro,Pop,Graduate school
969,Rae Gonzales,F,Visa,Pop,Middle school
970,Carla Smith,F,Wells Fargo,Baroque,Gymnasium
971,Phillip Potter,M,Maestro,Techno,University-preparatory school
972,Kirsten Evans,F,MasterCard,Jazz,Public university
973,Nathan Irwin,M,Citibank,Jazz,Middle school
974,Judith Murray,F,Discover,Hard Rock,University college
975,Domenic Clark,M,American Express,Pop,Corporate university
976,Chad Gibbons,M,Capital One,Pop,University-preparatory school
977,Kieth Benfield,M,UnionPay,Hip-Hop,Gymnasium
978,Nina Robinson,F,Citibank,Latin,Public university
979,Jules Bradley,F,Chase,Latin,High school
980,Chuck Hopkinson,M,Capital One,Hip-Hop,Public university
981,Jade Cadman,F,Capital One,Drum & Bass,University college
982,Emery Silva,F,Discover,Drum & Bass,Corporate university
983,Alexa Faulkner,F,Citibank,Latin,High school
984,Alessandra Jones,F,Citibank,Reggae,Junior college
985,Anabel Tailor,F,Citibank,Pop,Graduate school
986,Maggie Noon,F,MasterCard,Soul,Gymnasium
987,Jack Niles,M,MasterCard,Pop,University-preparatory school
988,Keira York,F,Capital One,Baroque,Junior college
989,Lauren London,F,Bank of America,Dubstep,Corporate university
990,Gabriel Stanley,M,UnionPay,Techno,Technical college
991,Maia Paterson,F,American Express,Latin,Junior college
992,Hayden Grady,F,Bank of America,House,Junior college
993,Boris Donovan,M,UnionPay,Blues,High school
994,Cameron Hill,F,Maestro,Hip-Hop,University-preparatory school
995,Jack Morrison,M,Capital One,Pop,Technical college
996,Boris Gilmore,M,Wells Fargo,Pop,Corporate university
997,Bart Owen,M,UnionPay,Techno,Graduate school
998,Jack Lloyd,M,American Express,House,Public university
999,Leroy Lloyd,M,UnionPay,Pop,University-preparatory school
1000,Agnes Wigley,F,Bank of America,House,Graduate school

